Stock,Score
A,0.3473129530953900
AA,0.03931613892738250
AAC,0.021660248681360200
AAL,0.7140943714961370
AAN,0.2189358561290310
AAOI,0.18387236586412400
AAON,0.9651670438760670
AAP,0.0036946436418261000
AAPL,0.8843971959183810
AAT,0.7294329081397240
AAWW,0.07407247518176940
AAXN,0.5850620494776320
ABBV,0.19964288999512300
ABC,0.31975385338238400
ABCB,0.16398533995026100
ABEO,0.07418884605515310
ABG,0.2628886308814590
ABM,0.5455180192596320
ABMD,0.6735567646479080
ABR,0.6038347896886940
ABT,0.604704366161196
ABTX,0.43433415661222300
ABUS,0.918873550999607
AC,0.28089661032515300
ACA,0.3381973358904010
ACAD,0.6106989666811650
ACBI,0.8673745198933530
ACC,0.7982938684143470
ACCO,0.6992456833909160
ACGL,0.9333104946141660
ACHC,0.5276957993426150
ACHN,0.18737798970365900
ACIA,0.3728649092881000
ACIW,0.9898511554550300
ACLS,0.713534026013667
ACM,0.5737047645346720
ACMR,0.30007555123893900
ACN,0.029023583125825600
ACNB,0.21807763757079700
ACOR,0.4140362348095820
ACRE,0.4329598907149420
ACRS,0.5161695842804510
ACTG,0.9389960608881730
ADBE,0.7491341867963380
ADC,0.16930061429438700
ADI,0.3128166432951960
ADM,0.6864767842261580
ADMA,0.8986145198466520
ADMS,0.1355591811845850
ADNT,0.5571372046912170
ADP,0.2191037457748480
ADRO,0.5563131385688310
ADS,0.04663006017742710
ADSK,0.3169380337796490
ADSW,0.90479574924029
ADT,0.22352502333245200
ADTN,0.9006993155907470
ADUS,0.7625679441412410
ADVM,0.7090699435355360
AE,0.8822503704457010
AEE,0.30027999882000700
AEGN,0.7103808255482840
AEIS,0.0973982145262156
AEL,0.6991241213944310
AEO,0.05918710390582880
AEP,0.10770373716652100
AERI,0.001935781797485630
AES,0.26617171937668100
AFG,0.04288037800864950
AFI,0.540527271863887
AFL,0.25920101562727000
AGCO,0.6871050321479550
AGE,0.49710979964491500
AGEN,0.46150983221723100
AGFS,0.4625429720073740
AGIO,0.44636488789135400
AGLE,0.9921860404269920
AGM,0.6430406356905070
AGN,0.4274210851586300
AGNC,0.07931786681692350
AGO,0.0324526332891505
AGR,0.652820341444237
AGS,0.2861141801711700
AGX,0.11677159079428800
AGYS,0.19057020786533000
AHH,0.027894424355387900
AHL,0.30703943021252900
AHT,0.8547715198125280
AI,0.48868387678114500
AIG,0.1267507842422630
AIMC,0.2129804499488990
AIMT,0.19928915580052400
AIN,0.09301875864860290
AINC,0.21500376740874600
AIR,0.5536414835833070
AIT,0.3347892418580710
AIV,0.9760866269552940
AIZ,0.07771653364923420
AJG,0.1046623135481140
AJRD,0.4996795071483920
AJX,0.35921835069564200
AKAM,0.5471610862870470
AKAO,0.39522558198801600
AKBA,0.5747345126344230
AKCA,0.41626743241441500
AKR,0.7133784498264670
AKRX,0.48101943613855000
AKS,0.31970685265681400
AL,0.8359487559358310
ALB,0.3348472763011770
ALBO,0.1813715484267320
ALCO,0.24472235057336700
ALDR,0.45498534641059300
ALDX,0.33105979599202600
ALE,0.13311085352282300
ALEX,0.21889524347725400
ALG,0.6224961457893410
ALGN,0.3534583247744690
ALGT,0.5069089515358360
ALK,0.9859232206776860
ALKS,0.9272961635936020
ALL,0.5738210766139600
ALLE,0.8406577971493020
ALLK,0.07332238425247450
ALLO,0.22951209219155600
ALLY,0.3401909301949440
ALNA,0.43742325471368700
ALNY,0.5288797584954650
ALRM,0.8069976084742850
ALSN,0.11934482721234100
ALTR,0.6335543141267650
ALX,0.32952488851790800
ALXN,0.5445979419804040
AMAG,0.14074166496361800
AMAL,0.22707129776859500
AMAT,0.14698698928393100
AMBA,0.8410418445319530
AMBC,0.5729262610825800
AMBR,0.17001094521134500
AMC,0.3253071575591550
AMCX,0.6715206993677480
AMD,0.594438368322705
AME,0.5452557423679640
AMED,0.7064796404952280
AMEH,0.8272042688776130
AMG,0.8412461197735060
AMGN,0.8956869773343340
AMH,0.05875955173059460
AMKR,0.33812010369577600
AMN,0.6200683279911120
AMNB,0.2793404459384030
AMOT,0.19043080897935900
AMP,0.8145585150213430
AMPE,0.07408723204932900
AMPH,0.8171528701961870
AMR,0.5565345360640580
AMRC,0.1468458207928880
AMRS,0.19256049957318200
AMRX,0.10193928214105700
AMSF,0.7700893034881920
AMSWA,0.15463796541552200
AMT,0.2298955700884040
AMTD,0.017757766478840200
AMWD,0.8892333785782370
AMZN,0.08117443614312390
AN,0.39938026652545500
ANAB,0.6860061341206800
ANAT,0.02070237399480620
ANCX,0.3874555844332070
ANDE,0.49160477519251100
ANET,0.6223021822112130
ANF,0.34488641935361200
ANGO,0.5090791409903410
ANH,0.06203127096579010
ANIK,0.19689871118144600
ANIP,0.3006030114195020
ANSS,0.10895923743505100
ANTM,0.47748316943139400
AOBC,0.21543328573196300
AON,0.8438863230027810
AOS,0.825689131061014
AOSL,0.9536844578003850
APA,0.23955371266638900
APAM,0.5042610468468680
APC,0.2377751773976270
APD,0.45953030910848300
APEI,0.9203179048627150
APH,0.33954848909765400
APLE,0.28236811583899100
APLS,0.5752102341778140
APOG,0.051313547210244800
APPF,0.24208494383731700
APTS,0.9022015204443250
APTV,0.22852126280616100
APTX,0.0008797557596236330
APY,0.00969780328859106
AQ,0.9683012466586110
AQST,0.16033753388191300
AQUA,0.3273550226294870
AR,0.17836013687131000
ARA,0.4812175686145190
ARAY,0.6775748260527510
ARCB,0.6785069700547870
ARCH,0.41487960039946000
ARD,0.44960006749550200
ARDX,0.3776083535490730
ARE,0.0006285219756664370
AREX,0.1159214028246920
ARGO,0.2886835134371020
ARI,0.00023966494556312100
ARL,0.21620579451907500
ARLO,0.7375646649035190
ARMK,0.48977094759353500
ARNA,0.00449435505763275
ARNC,0.18938892606561800
AROC,0.06972471001995130
AROW,0.5032670632158920
ARQL,0.9212670245858480
ARR,0.3637191771695640
ARRS,0.8563668686472120
ARRY,0.392967361064712
ARTNA,0.0004725192834402830
ARW,0.810466626239145
ARWR,0.4797908355339320
ASB,0.3595447462014810
ASC,0.1579915521904970
ASGN,0.9014970340945180
ASH,0.9502771073345370
ASIX,0.7546826890917430
ASMB,0.7610841989065750
ASNA,0.9579994095466420
ASNS,0.836202285797504
ASPS,0.169491903932004
ASRT,0.284244477685154
ASTE,0.08448310791124200
ASUR,0.21199586776482300
AT,0.4270868828384760
ATEN,0.004911908930509950
ATGE,0.8025292622034470
ATH,0.6317902590915150
ATHN,0.37677010117942800
ATHX,0.6439257043865790
ATI,0.18768986860575600
ATKR,0.13792052167763100
ATLO,0.7020282293409380
ATNI,0.4703173543515270
ATNX,0.14922713174208000
ATO,0.4180567169064940
ATR,0.5144937469382900
ATRA,0.15346217787021300
ATRC,0.11647997087602500
ATRI,0.45483880568782200
ATRO,0.18363146652636200
ATRS,0.6859626599255970
ATSG,0.09063841036888890
ATU,0.10841439121515200
ATVI,0.889809462409805
AUBN,0.531183155479736
AVA,0.9776832897166750
AVAV,0.9990372282294810
AVB,0.13945930974918800
AVD,0.7495922181426070
AVEO,0.7083369081701220
AVGO,0.34281206112889000
AVID,0.09518635142056420
AVLR,0.9087012142530460
AVNS,0.08274954243627050
AVRO,0.37826384200257600
AVT,0.39018592990428300
AVX,0.16065188756845200
AVY,0.831644088046854
AVYA,0.9494423841255990
AWI,0.681280254930495
AWK,0.776587728398561
AWR,0.2946416257926350
AX,0.7762011431904180
AXAS,0.24797435390881000
AXDX,0.16981263358221400
AXE,0.9413209631528860
AXGN,0.8753168752980370
AXL,0.08008835106449080
AXP,0.9112099472154470
AXS,0.06641390884271760
AXTA,0.17046387626889200
AXTI,0.3469643293097490
AYI,0.4326588421268180
AYR,0.7774033997113010
AYX,0.4817207816042710
AZO,0.40229827882962200
AZPN,0.13031680415464900
AZZ,0.672536129811079
B,0.16967839671643900
BA,0.12969324156040900
BABY,0.30500850965716300
BAC,0.5466647522033330
BAH,0.3064238010515030
BANC,0.13434655378411500
BANF,0.25503698619450700
BANR,0.28784123268685700
BAS,0.19788467871810200
BATRA,0.01785236489973210
BATRK,0.7002792531156520
BAX,0.1923498132924410
BBBY,0.8980431733736690
BBGI,0.22138257696990800
BBSI,0.29897945534460700
BBT,0.4064690243831680
BBX,0.575029691104859
BBY,0.40199762543398200
BC,0.73209210338973
BCBP,0.06371204183403170
BCC,0.1951194516886600
BCEI,0.23967487858931500
BCML,0.9267949211195100
BCO,0.4917263713384830
BCOR,0.38011159934551300
BCOV,0.584774263186568
BCPC,0.5341674138593460
BCRX,0.7404208591480570
BDC,0.8855488681912930
BDGE,0.10582033859559800
BDN,0.1966757638604730
BDX,0.6833516078759380
BEAT,0.6962888313213850
BECN,0.34331264678605200
BEL,0.11624610836095300
BELFB,0.36508438361105200
BEN,0.927455901156894
BERY,0.3819091284059940
BF.A,0.23138948750036000
BFAM,0.1509839114633020
BF.B,0.5268365672547800
BFIN,0.116071345576577
BFS,0.24661547220164000
BFST,0.6525689224736580
BG,0.8549658226121690
BGCP,0.09397303041552640
BGFV,0.6093631252977770
BGG,0.16878153057832900
BGS,0.8626955090253770
BGSF,0.7023448107328920
BH,0.9984117358991310
BH.A,0.15702724020496000
BHB,0.2393940891269650
BHBK,0.8314639596258280
BHE,0.7924814078179060
BHF,0.7057040416042500
BHGE,0.45052859840680300
BHLB,0.22296977894376400
BHR,0.1332880235931620
BHVN,0.41537329314650500
BID,0.9990796421043150
BIG,0.6350373147835790
BIIB,0.5857251266974150
BIO,0.19368499318316800
BIOS,0.865212831554093
BJ,0.6626495808848960
BJRI,0.18550251270048100
BK,0.3278520299057950
BKD,0.28108036845763600
BKE,0.206588856948016
BKH,0.8107685209019590
BKI,0.09061946885344750
BKNG,0.9499839470248370
BKS,0.046776870153730100
BKU,0.08423430109130600
BL,0.6783455626829950
BLBD,0.5736291248480640
BLCM,0.5007003520039070
BLD,0.6415903766930590
BLDR,0.27407586527508100
BLK,0.13436336858060600
BLKB,0.425162062073659
BLL,0.678300784491635
BLMN,0.6087484346650070
BLMT,0.557938366442225
BLUE,0.34003253542002900
BLX,0.6008820941021380
BMCH,0.36059351433628600
BMI,0.2571937359930700
BMRC,0.39584882555703800
BMRN,0.07966246905708620
BMS,0.9451990650141080
BMTC,0.4862744922571250
BMY,0.7202764171134560
BNCL,0.5490366126281660
BNED,0.6358879577699460
BNFT,0.6640014235715540
BOCH,0.22826254597513900
BOH,0.1588135891681160
BOJA,0.24701272036702200
BOKF,0.0179754818391622
BOLD,0.3029048747822340
BOMN,0.5994042542790450
BOOM,0.9823163756212880
BOOT,0.18595200261673300
BOX,0.2607798002678430
BPFH,0.8189516282261600
BPMC,0.12715201139931700
BPOP,0.823557000538185
BPR,0.19774466703442200
BPRN,0.7826799407768050
BR,0.5929493758102830
BRC,0.060579143903493700
BREW,0.43760467681955800
BRG,0.12846315361621200
BRK.B,0.35052587928373100
BRKL,0.829799381050497
BRKR,0.11541052507399800
BRKS,0.32901314329208500
BRO,0.046882765153582600
BRS,0.702327095121525
BRSS,0.7439391125086180
BRT,0.18804621355965900
BRX,0.35980328923980300
BRY,0.05385620739058800
BSET,0.8621826523853840
BSIG,0.7570386533046170
BSRR,0.4755494826097050
BSTC,0.03948005291699700
BSX,0.24193061422987900
BTU,0.2732753132022600
BTX,0.14440361569656400
BURL,0.23446127159843300
BUSE,0.9494427800153520
BV,0.47659818698796700
BW,0.24342444715086000
BWA,0.19409761657584700
BWB,0.5686517172268780
BWFG,0.7058507727707070
BWXT,0.27135676302500100
BXC,0.9751128289745920
BXG,0.44908804809229800
BXMT,0.443550560220458
BXP,0.31659724194989400
BXS,0.10355314963776200
BY,0.64956741173761
BYD,0.5881574845330770
BZH,0.9868698517298190
C,0.14997659416924
CABO,0.5980641602021530
CAC,0.0014093467953810200
CACC,0.7272123425059200
CACI,0.24178277606503600
CADE,0.7041095831556230
CAG,0.09943923301507960
CAH,0.7055125127198580
CAI,0.9179811035236630
CAKE,0.366973840223294
CAL,0.693303513368757
CALA,0.4028382306475300
CALM,0.1696011319244840
CALX,0.45020033330413900
CAMP,0.8623382878268180
CAR,0.5647787452159790
CARA,0.2544901009787390
CARB,0.8446030588391170
CARG,0.2592227269883200
CARO,0.8269688132288160
CARS,0.22777609008287600
CASA,0.3568775304149400
CASH,0.7495672196532100
CASI,0.20092114621384600
CASS,0.34476746021336200
CASY,0.07901141794320940
CAT,0.392831233213882
CATC,0.10949291022973700
CATM,0.0421400185917361
CATO,0.33853546766636500
CATY,0.23861977087863500
CB,0.9654888930065200
CBAY,0.16515452192440400
CBB,0.42005985370825700
CBFV,0.7339707381753060
CBIO,0.9396836297064830
CBL,0.4608875918265450
CBLK,0.9592350769050350
CBM,0.2613799391418250
CBMG,0.31112852373972100
CBOE,0.4845861188364130
CBPX,0.11231504277832500
CBRE,0.687584489117993
CBRL,0.4400471954209410
CBS,0.7524877281426910
CBSH,0.42654223078880700
CBT,0.9341141710022420
CBTX,0.06278871465409470
CBU,0.005535814656123910
CBZ,0.2278987961754920
CC,0.1182107841122210
CCB,0.4417954196248560
CCBG,0.30076630154796500
CCF,0.3949354956970150
CCI,0.8892371657895030
CCK,0.6570257928882890
CCL,0.854708371910349
CCMP,0.9059956347345170
CCNE,0.4048457461610780
CCO,0.018929489879804500
CCOI,0.935716666364403
CCRN,0.5326337028779810
CCS,0.40199350172647400
CCXI,0.7620221913243740
CDAY,0.4386979823874100
CDE,0.9187590566733450
CDEV,0.9542188932591650
CDK,0.12559379019703800
CDLX,0.9992683482340780
CDMO,0.317628571230219
CDNA,0.030440939133984600
CDNS,0.35334069500628700
CDR,0.017509311705429400
CDW,0.08395751947067760
CDXC,0.35313189944619300
CDXS,0.5014744059777380
CDZI,0.868509375316616
CE,0.003994079177109370
CECE,0.08907904849731020
CECO,0.8480351019297980
CEIX,0.07828227228469910
CELC,0.15947723528872000
CELG,0.8152001759974020
CELH,0.4815843506727790
CENT,0.2670649500259310
CENTA,0.8472895244439140
CENX,0.5640263976031090
CERN,0.008564086107138450
CERS,0.43245687737615500
CETV,0.7397666578310850
CEVA,0.7953045416635030
CF,0.31768068064221400
CFFI,0.6744426826241230
CFFN,0.27446218639004700
CFG,0.7760900041832920
CFR,0.9674693753252300
CFX,0.5088848881397800
CGNX,0.24347608824935300
CHCO,0.3644258310268630
CHCT,0.3519282768805410
CHD,0.9030247549617570
CHDN,0.3972243778560770
CHE,0.16749360363835700
CHEF,0.07835505225899760
CHFC,0.4945943799855410
CHGG,0.9190225196395220
CHH,0.3262723651533280
CHK,0.20218893529248300
CHMG,0.5734723807353800
CHMI,0.5266534073117870
CHRA,0.2940260710461100
CHRS,0.8946086273789970
CHRW,0.6224763362154810
CHS,0.6512222287062690
CHSP,0.33638395154326100
CHTR,0.17261620671725100
CHUY,0.3101211299971450
CI,0.027002071090246700
CIA,0.6509144391824630
CIEN,0.047928505071945700
CIM,0.8086546530164390
CINF,0.4132018528128790
CIO,0.5032628030798840
CIR,0.9475183826018590
CISN,0.5041672931947220
CIT,0.09889923346680750
CIVB,0.7954847323341880
CIVI,0.4703908257490690
CIX,0.10035425462456800
CJ,0.3017831279905790
CKH,0.9750478589688370
CL,0.27525199830411700
CLAR,0.766362636367814
CLBK,0.24749306743578700
CLD,0.3726110227238360
CLDR,0.5660309721136240
CLDT,0.3252911040180820
CLF,0.5910573224542660
CLFD,0.5057948843742660
CLGX,0.5689405424839160
CLH,0.35288805874672500
CLI,0.20304163149437500
CLNC,0.711071387267532
CLNE,0.5192015110941160
CLNY,0.36096558623628600
CLPR,0.6029404037940280
CLR,0.4821356994617570
CLSD,0.7754316407399970
CLUB,0.9713338650143570
CLVS,0.891542889484029
CLW,0.6224977535289290
CLX,0.4500328422932120
CLXT,0.6647626176827130
CMA,0.30391234038413800
CMC,0.8909116242698060
CMCO,0.05921566525139150
CMCSA,0.7192118410260760
CMD,0.9789404558893760
CME,0.1679235508173030
CMG,0.019286068063317700
CMI,0.07782532768334210
CMO,0.8420611515323580
CMP,0.4889554718858730
CMPR,0.3076451441063880
CMRE,0.46819070861570700
CMRX,0.9887260774549090
CMS,0.07121964899385520
CMTL,0.022441041824297000
CNA,0.15517603449410200
CNBKA,0.01928491592564400
CNC,0.08974556244465010
CNCE,0.206033599610009
CNDT,0.6255303571155310
CNK,0.6150887670239210
CNMD,0.1512790846281880
CNNE,0.3164455277543270
CNO,0.8623115547166670
CNOB,0.6364542420543710
CNP,0.02890180053619480
CNS,0.5000940213149930
CNSL,0.759700503624639
CNST,0.7537698177496560
CNTY,0.11587837359103800
CNX,0.2899177234919820
CNXN,0.8919007123657820
COF,0.019074380930216900
COG,0.8493935609480720
COHR,0.22272218229920400
COHU,0.7720411461719510
COKE,0.268575745784735
COLB,0.8692595622137050
COLD,0.411440692173524
COLL,0.955359405548063
COLM,0.8398262440780410
COMM,0.13334755155772600
CONE,0.15439618688014700
CONN,0.40452091188752000
COO,0.5132446704465260
COOP,0.94394348785234
COP,0.38785319809045400
COR,0.6658297685346110
CORE,0.0029471512506389700
CORR,0.8257865815818130
CORT,0.01846960931342480
COST,0.09552251975821040
COTY,0.38892844172874200
COUP,0.6945481332165560
COWN,0.3262406808345460
CPA,0.32457860043202
CPB,0.15272711274507600
CPE,0.07872500791315020
CPF,0.46725149587862000
CPK,0.110734374806544
CPLG,0.41595705052469900
CPRT,0.217763167362223
CPRX,0.6703456164584940
CPS,0.5104525081030410
CPSI,0.09969550446705600
CPT,0.5603154317866980
CR,0.8646875276760580
CRAI,0.4601210677586240
CRAY,0.7501365313784210
CRBP,0.5133967657287760
CRC,0.47005318919743700
CRCM,0.6926334121015750
CRD.B,0.6771832449217150
CREE,0.4845825179085180
CRI,0.4469962490401750
CRL,0.7588257614420080
CRM,0.45665231404359800
CRMT,0.3080718089206740
CRNX,0.3287550924665330
CROX,0.595109281440129
CRR,0.7729703038700730
CRS,0.416459848735362
CRUS,0.1253800422068550
CRVL,0.8041476820343420
CRVS,0.22035196631774700
CRY,0.16115222172237000
CRZO,0.43009650515614300
CSCO,0.28668297627043300
CSFL,0.8771111157763020
CSGP,0.274315994931028
CSGS,0.15955984470421800
CSII,0.42362608965388800
CSL,0.20260023633064600
CSLT,0.030199919632377200
CSOD,0.4837160898695260
CSTE,0.5369961891402840
CSTR,0.5105698448121490
CSU,0.08223657771960100
CSV,0.1576242835536640
CSWI,0.5360561750413280
CSX,0.821202769410724
CTAS,0.9024502135589000
CTB,0.6899918503934010
CTBI,0.8580805061862890
CTIC,0.8409226418196080
CTL,0.24407286447087300
CTLT,0.3409641631899590
CTMX,0.5351428510108720
CTO,0.9113828435378830
CTRE,0.5465332738745450
CTRL,0.7038069985031710
CTRN,0.8579233698492890
CTS,0.29984561536186900
CTSH,0.8388511195043000
CTSO,0.41116239329697200
CTT,0.42297739527313300
CTWS,0.46461334499447600
CTXS,0.19219537906586400
CUB,0.1421381318203850
CUBE,0.24509558889001600
CUBI,0.05068240904295350
CUE,0.22825219810444100
CULP,0.5247543552770630
CURO,0.4477155033695230
CUTR,0.5495368770167820
CUZ,0.4104129747871020
CVA,0.3013681255305000
CVBF,0.9029423712208030
CVCO,0.9429535992151880
CVCY,0.9161719875256070
CVGI,0.8175707411408270
CVGW,0.7865495082671150
CVI,0.1848783171974580
CVIA,0.7832746743621070
CVLT,0.6800613283751130
CVLY,0.862736534121067
CVNA,0.630931132799432
CVS,0.11360015773068200
CVTI,0.04609704913674490
CVX,0.8542730676282090
CW,0.22236447584349400
CWBR,0.37634430380109400
CWCO,0.046275225069883600
CWEN,0.4357481634072000
CWE.A,0.18097499429321100
CWH,0.44311313651511000
CWK,0.7267254408783260
CWST,0.06811766580778590
CWT,0.1549785580138560
CXO,0.4787153814205950
CXP,0.28854920381831700
CXW,0.3434974013114890
CY,0.42988546847088300
CYH,0.522681442502446
CYRX,0.318118309129254
CYTK,0.7239470697117010
CZNC,0.06525525639050990
CZR,0.6472527704877320
D,0.7498384161952400
DAKT,0.5610153985930270
DAL,0.8405125595923260
DAN,0.4686282745226340
DAR,0.6387480126453430
DATA,0.8452620825578120
DBD,0.4447628692038290
DCI,0.8609704045568430
DCO,0.705070091780713
DCOM,0.3811559323937010
DCPH,0.9949985355936960
DDD,0.33781029537387200
DDS,0.013558504156042300
DE,0.16426074875761700
DEA,0.09579660361381560
DECK,0.6471367774702890
DEI,0.3239870207434060
DELL,0.3536837553703410
DENN,0.2817753920254860
DERM,0.6531061285856330
DF,0.8649167666573080
DFIN,0.03127214456953350
DFRG,0.998544088487284
DFS,0.908764044700899
DG,0.16330694077400100
DGICA,0.749604332462538
DGII,0.039064749594485900
DGX,0.35969150985207300
DHI,0.9852614523550870
DHIL,0.7089272132593390
DHR,0.9858482307467780
DHT,0.7563919869344740
DIN,0.8249081758703450
DIOD,0.7018526911712120
DIS,0.24431833148516400
DISCA,0.7248764110265840
DISCK,0.8298867189789530
DISH,0.25533567700686800
DJCO,0.0014560549614684200
DK,0.40360981077301900
DKS,0.11243056991192600
DLB,0.36420577260763500
DLR,0.027771399672749900
DLTH,0.05484425611354500
DLTR,0.8595775908197000
DLX,0.12244755373495800
DMRC,0.28404794157510200
DNB,0.02272999071841880
DNKN,0.1260634311170320
DNLI,0.7960917164875080
DNOW,0.6853393872088470
DNR,0.739937139128036
DO,0.3609242378932560
DOC,0.048610049675597400
DOCU,0.6152842888740890
DOMO,0.3277210643315900
DOOR,0.975901754976984
DORM,0.12365843729944100
DOV,0.20339180727408000
DOVA,0.3503453595398560
DOX,0.976905112712781
DPLO,0.48949684770904700
DPZ,0.48378184250590800
DRE,0.45774678381219200
DRH,0.8156815581134220
DRI,0.1462648912006090
DRNA,0.6560995669727640
DRQ,0.26472891090773800
DRRX,0.28237044175591300
DS,0.07032752294812960
DSKE,0.5222076938148870
DSW,0.19063159422183400
DTE,0.3323977855334050
DUK,0.26177632230895700
DVA,0.7394406371720500
DVAX,0.771028355442987
DVN,0.932682329275455
DWDP,0.6216433099349450
DWSN,0.3080294659044710
DX,0.726509824914449
DXC,0.178777042929101
DXCM,0.03869571771692290
DXPE,0.010129880827270800
DY,0.7250790517190440
DZSI,0.2259757513638100
EA,0.09269585160605170
EAF,0.04078140078110460
EAT,0.694896934766569
EBAY,0.31914523047090000
EBF,0.424838708302053
EBIX,0.5072161285418770
EBS,0.17627150885238800
EBSB,0.36741887314413000
EBTC,0.9813939214784550
ECHO,0.5787833946590590
ECL,0.017227094832547700
ECOL,0.19209400986484800
ECOM,0.1484956849747800
ECOR,0.44331737154415300
ECPG,0.8638004304397750
ECR,0.40513477370940200
ED,0.4954051791778120
EDIT,0.5927885910109430
EE,0.6456650079018030
EEFT,0.2655653065750420
EEX,0.8027426376947280
EFII,0.992045087252551
EFSC,0.22486752209794200
EFX,0.48157887463518200
EGAN,0.6208967826949290
EGBN,0.008446571110899270
EGHT,0.7737064152721750
EGLE,0.29616590895952900
EGOV,0.16931701230466400
EGP,0.18610685932633500
EGRX,0.23245357207592200
EHC,0.3066454261195490
EHTH,0.44165906161577700
EIDX,0.8565079584069400
EIG,0.24793260931626600
EIGI,0.6409824839933760
EIX,0.896014187366803
EL,0.00042415775301206700
ELAN,0.34918102257455100
ELF,0.37603052422238800
ELGX,0.9503828656194580
ELLI,0.4188667440555940
ELOX,0.3138120101898760
ELS,0.09745429530044730
ELVT,0.22750675023984400
ELY,0.8744093057850380
EMCI,0.4835344524648650
EME,0.40041830095675100
EML,0.023933317287754300
EMN,0.03180787911662390
EMR,0.8038670297535290
ENDP,0.7803406490486630
ENFC,0.8029999823977200
ENPH,0.010232620861584000
ENR,0.020605526563301800
ENS,0.08391671470376820
ENSG,0.5631961720000980
ENTA,0.5962012974567660
ENTG,0.13570522904721300
ENV,0.6067396331394820
ENVA,0.7658657952548870
ENZ,0.23700418952733100
EOG,0.9670477268617040
EOLS,0.2631875243932520
EPAM,0.10503519467114100
EPAY,0.9823507348567600
EPC,0.875546139270304
EPE,0.7236729471658900
EPM,0.8988817338235610
EPR,0.5916688903553650
EPRT,0.3754144260245070
EPZM,0.6081092469145160
EQBK,0.14008577806689300
EQC,0.3104755538394580
EQH,0.3064982839273450
EQIX,0.19311573138910000
EQR,0.9617799710323470
EQT,0.6754365738842000
ERA,0.3765815776887270
ERI,0.260954853053452
ERIE,0.6997330849400290
ERII,0.9599482793443540
EROS,0.7242528249827350
ES,0.36658367916761100
ESCA,0.014825895436330200
ESE,0.049000758687774200
ESGR,0.5360106630330000
ESIO,0.030638591419790800
ESL,0.2730816509748450
ESND,0.16860043162879600
ESNT,0.6670619835401940
ESPR,0.47237439832862600
ESQ,0.4630995070053780
ESRT,0.23661264784468200
ESS,0.39521122593140300
ESSA,0.8113212650704820
ESTC,0.28897613478305900
ESTE,0.48773975097481000
ESXB,0.009713941172470030
ETFC,0.1671734782388410
ETH,0.6854243496254490
ETM,0.4673547382784170
ETN,0.0870478469754041
ETR,0.2908885611835010
ETRN,0.9586726520077710
ETSY,0.9879070573675850
EV,0.8357541068067200
EVBG,0.591428899816515
EVBN,0.9298001191030180
EVC,0.650532268019402
EVH,0.16528063192362700
EVI,0.8577552649608020
EVLO,0.07408013850719780
EVOP,0.4570110112968860
EVR,0.16715327130952700
EVRG,0.10381795202082800
EVRI,0.3692245776797040
EVTC,0.39421263453872600
EW,0.35595214695849100
EWBC,0.9985722990802680
EXAS,0.5273696752324230
EXC,0.895862809186322
EXEL,0.41695694305202100
EXLS,0.13268990978334100
EXP,0.810517790603339
EXPD,0.5476498971399110
EXPE,0.6324470781119630
EXPO,0.5048541305704500
EXPR,0.5389406691746820
EXR,0.5120141194229290
EXTN,0.6475693543366480
EXTR,0.20630956994887200
EYE,0.0650972919049262
EZPW,0.2221525122428200
F,0.5469284580067630
FAF,0.7843444520856970
FANG,0.6500643481494950
FARM,0.7532550505907590
FARO,0.6898943841910890
FAST,0.5196785347670560
FATE,0.6711106388706820
FB,0.9107320093086180
FBC,0.5205677460118230
FBHS,0.20849069293030300
FBIO,0.03595464897449220
FBIZ,0.7336913879640430
FBK,0.38019098720690100
FBM,0.8190881103590050
FBMS,0.8210997154939850
FBNC,0.22328666095874800
FBP,0.9279574243757640
FC,0.33446900827377400
FCBC,0.2146099823215470
FCBP,0.11148664186645800
FCCO,0.4904104382735790
FCCY,0.16317013620127200
FCEL,0.8560519927161150
FCF,0.8360120184789400
FCFS,0.012352718197011600
FCN,0.41523554424392100
FCNCA,0.06582088709778590
FCPT,0.5021898491389180
FCX,0.5494600822104020
FDBC,0.14080488855930500
FDC,0.9830479415830520
FDEF,0.7223295044625290
FDP,0.8181792651050080
FDS,0.14043087443455900
FDX,0.3189101578743810
FE,0.26484483550072800
FELE,0.9256919865919070
FENC,0.2559524573868360
FET,0.2552615316828990
FEYE,0.02948667550529220
FF,0.41535745930080800
FFBC,0.137299698125769
FFG,0.052774158212189800
FFIC,0.9501383031402850
FFIN,0.2403987961402520
FFIV,0.15295142523467000
FFNW,0.24686887678443100
FFWM,0.3012533218998750
FG,0.8789057388952510
FGBI,0.9975732266959800
FGEN,0.3791447777992630
FHB,0.8064222899690270
FHN,0.6373140356470100
FI,0.03617706139772060
FIBK,0.017965787312585000
FICO,0.7558588128278120
FII,0.6097751013082910
FIS,0.7963735955415900
FISI,0.2787090769247910
FISV,0.12125575445488600
FIT,0.4400848036690570
FITB,0.107543352303658
FIVE,0.8593806681353690
FIVN,0.1659931957636780
FIX,0.041231660617843600
FIXX,0.9139310816953710
FIZZ,0.9617437586263380
FL,0.9088540090177960
FLDM,0.3976606901005130
FLIC,0.5891117362421780
FLIR,0.6450707152647330
FLNT,0.4619820414533130
FLO,0.5512557095696940
FLOW,0.8132803321275110
FLR,0.16190868278549100
FLS,0.5337091239440520
FLT,0.8080159623510380
FLWS,0.15461101619915200
FLXN,0.5817992875625250
FLXS,0.5022311802482320
FMAO,0.26221923504925500
FMBH,0.7238160292477730
FMBI,0.7315089292144790
FMC,0.0701030633332692
FMNB,0.7872494314294900
FN,0.201836578388101
FNB,0.6136353001260250
FND,0.7520661516081940
FNF,0.7358270229591170
FNHC,0.35017114110978800
FNKO,0.03396645557301800
FNLC,0.9361926068595640
FNSR,0.6534781605940820
FNWB,0.5872112224287820
FOCS,0.19568579644522200
FOE,0.4959862090157150
FOLD,0.35686794731611200
FONR,0.47805896936846300
FOR,0.5948102975643080
FORM,0.2522535209981540
FORR,0.031051202038335900
FOSL,0.47211486549191300
FOX,0.41071337150228200
FOXA,0.5352232866581900
FOXF,0.5361306514455950
FPI,0.5016890212235570
FPRX,0.6644505237917720
FR,0.3080520049740010
FRAC,0.08055296540437440
FRAN,0.748328513097087
FRBA,0.5141339201739400
FRBK,0.310981997376658
FRC,0.052767922158463100
FRGI,0.5576201880645550
FRME,0.3093002030281420
FRO,0.24955878971718800
FRPH,0.5970316012174930
FRPT,0.5085199668387690
FRT,0.33287945700614500
FRTA,0.137699999695512
FSB,0.8628951961466420
FSBW,0.859070190332726
FSCT,0.9652462478670660
FSFG,0.28247524445699000
FSLR,0.6043067202597500
FSNN,0.8557503365886760
FSP,0.5982596898326770
FSS,0.1498116032148270
FSTR,0.1881918856518640
FTDR,0.44708093418402600
FTK,0.9590555025502270
FTNT,0.6091986158307220
FTR,0.17594006764009300
FTSI,0.2532285135452990
FTSV,0.12657527910025000
FTV,0.22325775876236300
FUL,0.7699588083700080
FULT,0.4818785592897640
FUNC,0.14521397607184800
FWONA,0.5345749372877440
FWONK,0.714501141057291
FWRD,0.21327567052504400
G,0.951432536081015
GABC,0.9086260986235720
GAIA,0.3186363118557870
GATX,0.06930005785541690
GBCI,0.9084876664461320
GBL,0.7122386962038180
GBLI,0.07693109478912760
GBT,0.7600007073590460
GBX,0.3513228586152520
GCAP,0.5594809393224510
GCBC,0.3275960002267480
GCI,0.9257455059590060
GCO,0.6276849923569320
GCP,0.06398630216605470
GD,0.8506282311706960
GDDY,0.6043274630261240
GDEN,0.4366645292682380
GDI,0.1423813201822010
GDOT,0.4341527687428840
GDP,0.05558838677189190
GE,0.5998942766470600
GEF,0.04460255522361660
GEF.B,0.21759252460537500
GEN,0.1288907902580340
GENC,0.21428286138585600
GEO,0.7331322299448500
GERN,0.4712142190990510
GES,0.644535651540015
GFF,0.2789067250750060
GFN,0.39996357497882500
GGG,0.26421266855325500
GH,0.8841649656892180
GHC,0.6678080936246330
GHDX,0.6146274942515730
GHL,0.25038172516239100
GHM,0.7316677423960460
GIII,0.026329728485366300
GILD,0.3637899678317430
GIS,0.8752775779174920
GKOS,0.35279399745457100
GLDD,0.3262874080048300
GLIBA,0.029910922962209600
GLNG,0.004644463930245990
GLOG,0.8224310616996980
GLPI,0.7015181429156270
GLRE,0.3033418012706770
GLT,0.08430387145340190
GLUU,0.1605800005494990
GLW,0.2807565318381940
GLYC,0.21722276145233200
GM,0.4130955156238200
GME,0.6598972148945420
GMED,0.4171617879771930
GMRE,0.09986580629245950
GMS,0.76752906007421
GNC,0.10201708918659300
GNK,0.4779750672207920
GNL,0.6847670592596690
GNMK,0.5520325258687980
GNRC,0.6290562608730730
GNTX,0.6546990567037380
GNTY,0.3463289173865060
GNW,0.22584486448011700
GOGO,0.7149227690945930
GOLF,0.16634712231776900
GOOD,0.00825396532117014
GOOG,0.49804578161276500
GOOGL,0.11045391741218700
GORO,0.45460830639226500
GPC,0.42741198167588100
GPI,0.2987740979795420
GPK,0.13575985715835600
GPMT,0.9553899953425410
GPN,0.5552440577936420
GPOR,0.6016677501891270
GPRE,0.3340228934110020
GPRO,0.31872932286574700
GPS,0.6509103568048930
GPX,0.10864572484231600
GRA,0.7055425523762430
GRBK,0.3479780717713030
GRC,0.7782063237774130
GRIF,0.9060524620504790
GRMN,0.7584256197250350
GRPN,0.05938132845779090
GRUB,0.7345877372451620
GS,0.6829331295035540
GSBC,0.18638715768538700
GSHD,0.3389458267620190
GT,0.3554454246083290
GTES,0.704069941902362
GTHX,0.3908409906736670
GTLS,0.33839360164243500
GTN,0.7224293981646530
GTS,0.32440806676925100
GTT,0.3399708371363820
GTX,0.05383471760785250
GTXI,0.47412588078776200
GTY,0.13493245839505100
GVA,0.2815444559621220
GWB,0.6794280732512280
GWR,0.5843753272356580
GWRE,0.27437468684406400
GWRS,0.45604209738951500
GWW,0.450582713681194
H,0.19543528954605300
HA,0.6251734167961550
HABT,0.4269672946105700
HAE,0.4645953545341940
HAFC,0.14374156363455700
HAIN,0.665631375849722
HAL,0.2580013539631100
HALL,0.25565287852723600
HALO,0.7135427794186580
HAS,0.537292539079877
HASI,0.12252824132209000
HAYN,0.02958224427493220
HBAN,0.44350804171922300
HBB,0.8129220254324330
HBCP,0.1214319038613630
HBI,0.11740169436300800
HBIO,0.2692275209956280
HBMD,0.08232210236188750
HBNC,0.5625358264020900
HCA,0.7550494750117740
HCC,0.34170247478771800
HCCI,0.8561899062582290
HCHC,0.8974930775167920
HCI,0.6016082691486580
HCKT,0.17886509837375800
HCP,0.42273441197243300
HCSG,0.30922839515735300
HD,0.3861636035433510
HDS,0.907438054709276
HE,0.5881189458317680
HEAR,0.26788934033739600
HEES,0.4497787020321190
HEI,0.4719887987357070
HEI.A,0.6675536047893190
HELE,0.15167341387257800
HES,0.2241917943880930
HF,0.31742613290013000
HFC,0.013288776612601600
HFWA,0.18713103836158100
HGV,0.39212732038242000
HHC,0.4530182603885790
HI,0.08436895246563610
HIBB,0.19546415270847600
HIFR,0.2593366344912560
HIFS,0.04354244975474790
HIG,0.1831206203507140
HII,0.7847501784168950
HIIQ,0.7225258262245640
HIVE,0.48585474885490600
HIW,0.6575893553759940
HK,0.03508341553204880
HL,0.7441981212117640
HLF,0.05643643052387090
HLI,0.09158186572485620
HLIT,0.615428533709894
HLNE,0.04411767253414230
HLT,0.15633550142858800
HLX,0.20128478386099900
HMHC,0.15037457398754200
HMN,0.6698386318791060
HMST,0.47170466914603900
HMSY,0.16275799304660100
HMTV,0.3155154713346110
HNI,0.6210079008988000
HNRG,0.7296011145438010
HOFT,0.5370666694501730
HOG,0.36460235742298000
HOLX,0.12999227532748800
HOMB,0.8703133643695660
HOME,0.39497231853681600
HON,0.6111496845792480
HONE,0.7175607227253390
HOPE,0.7601160162816690
HOV,0.584725765366403
HP,0.37787599121458800
HPE,0.043581109774629900
HPP,0.35352122719358900
HPQ,0.3866964580941550
HPR,0.031742978312351800
HPT,0.8854312359069470
HQY,0.9090425396219260
HR,0.043794248300906600
HRB,0.10725301074393200
HRC,0.588076053035421
HRI,0.08000199738652960
HRL,0.6144614263580620
HRS,0.17767553862301600
HRTG,0.9061576188494700
HRTX,0.24499176947905900
HSC,0.03531755574705110
HSDT,0.3559968453572510
HSIC,0.48928433114405300
HSII,0.4984282164671640
HSKA,0.003891959193302760
HST,0.07755395449469710
HSTM,0.6154967900741060
HSY,0.038168960701941000
HT,0.38307962525235900
HTA,0.18413082956825000
HTBI,0.4446790770914780
HTBK,0.3764220028200220
HTH,0.10507231489223900
HTLD,0.21981765739000200
HTLF,0.6457724723834180
HTZ,0.4550134720757560
HUBB,0.41912915701778000
HUBG,0.5705810681634250
HUBS,0.3560470354487780
HUD,0.3375218270522780
HUM,0.9129902829015800
HUN,0.8672245014318560
HURC,0.8406060813444830
HURN,0.4012570994159910
HVT,0.6830993581270320
HWC,0.8364053091569280
HWKN,0.11080409351107900
HXL,0.691835644707
HY,0.6866236840420220
HZNP,0.7505718586158900
HZO,0.2582240142954210
I,0.3709359052566290
IAC,0.23849583766005600
IART,0.15028848588692000
IBCP,0.6510907122985180
IBKC,0.3021185034313020
IBKR,0.24703411360507100
IBM,0.479330242579843
IBOC,0.7740227834010570
IBP,0.17354388582903400
IBTX,0.24160663410558800
ICBK,0.629306587609757
ICD,0.815539273992702
ICE,0.893978865165173
ICFI,0.9203221936463300
ICHR,0.07887690967681930
ICPT,0.8662721669878740
ICUI,0.17788373478657300
IDA,0.5042313395225850
IDCC,0.61352845838296
IDRA,0.14147583667728900
IDTI,0.567826597052579
IDXX,0.9662520337113300
IEA,0.4760579515278580
IESC,0.783938407315292
IEX,0.3458377275237580
IFF,0.14820187348402600
IGT,0.8491534978669010
IHC,0.9494485886997540
III,0.3401931713042430
IIIN,0.8550684956442700
IIIV,0.3331214370241120
IIN,0.5204558990514910
IIPR,0.18479728753006900
IIVI,0.5038217386875800
ILMN,0.6720620459635650
ILPT,0.2038852925121900
IMAX,0.6607010366639460
IMDZ,0.2199328418867560
IMGN,0.18498465386187000
IMH,0.9227818642576380
IMKTA,0.03354321800115820
IMMR,0.43446838359592200
IMMU,0.9133666681526050
INAP,0.08514267531290210
INBK,0.5286249351590410
INCY,0.2897532044232100
INDB,0.6819224307049870
INFN,0.13728235105160500
INFO,0.004513119271665210
INGN,0.608142866191461
INGR,0.7636163424902930
INN,0.7255897862336500
INNT,0.2073716997758120
INO,0.8679332331758560
INOV,0.4622679263840050
INSM,0.476561277037078
INSP,0.48878819040631600
INST,0.5749046051536660
INSW,0.22939505129019700
INSY,0.39255582601125400
INT,0.31591124585470100
INTC,0.38744313238526500
INTL,0.8655320667517100
INTU,0.7930315787251940
INVA,0.08668367527557960
INVH,0.32884511311261100
INWK,0.8183856785235040
IO,0.31411489453351300
IONS,0.04577131309990900
IOSP,0.007754440258475170
IOTS,0.2633942844081350
IOVA,0.040101062394529600
IP,0.21079680172356800
IPAR,0.2250453900580270
IPG,0.5762726744220240
IPGP,0.0783630339792496
IPHI,0.11594545344071300
IPHS,0.8675700998922860
IPI,0.11910079328433800
IQV,0.07466238446962280
IR,0.01574550800011840
IRBT,0.05132397021500050
IRDM,0.9436164939696940
IRET,0.7495004101484330
IRM,0.8954244839392760
IRT,0.7064602922919140
IRTC,0.33206859722529700
IRWD,0.7386315379169160
ISBC,0.02499248568032790
ISCA,0.34206136843267500
ISRG,0.9881981915426820
ISRL,0.9504515697957020
ISTR,0.53966607861315
IT,0.10258638306044100
ITCI,0.3190813674674730
ITG,0.6181835491142810
ITGR,0.2592827497081090
ITI,0.42906640224913500
ITIC,0.6582977176009070
ITRI,0.8138060410704270
ITT,0.6691742762364400
ITW,0.978790664725329
IVC,0.43008483967439400
IVR,0.16087291865063100
IVZ,0.9651233130792770
JACK,0.2999524190326220
JAG,0.22770316677179600
JAX,0.822582357408136
JAZZ,0.5774894139864100
JBGS,0.7652635897937290
JBHT,0.1910735642722660
JBL,0.5044940164938940
JBLU,0.281803653801285
JBSS,0.914820661299049
JBT,0.134913863652446
JCAP,0.6691258601084800
JCI,0.2701111237823020
JCOM,0.595174955536342
JCP,0.2705269106512910
JEC,0.5089185474957610
JEF,0.9369496412844590
JELD,0.5314566714959790
JILL,0.9949847067020290
JJSF,0.6208807751812750
JKHY,0.07916691307121230
JLL,0.19037091439939300
JNCE,0.1343801174776160
JNJ,0.8580841433560520
JNPR,0.24533999032322200
JOE,0.19271781483763000
JOUT,0.10174612643585100
JPM,0.9910259735309150
JRVR,0.8011418081638460
JW.A,0.6130596323341330
JWN,0.7579882624755460
K,0.5109868041682950
KAI,0.5548665318050370
KALA,0.9758190330945190
KALU,0.4337646982319750
KAMN,0.11232347982112800
KAR,0.5128527129536130
KBAL,0.46738121625555800
KBH,0.3059166187208320
KBR,0.2310628223451330
KDMN,0.533170177586739
KDP,0.5666461363169140
KE,0.5056405448832120
KEG,0.6172306278064250
KELYA,0.6770284563423600
KEM,0.3067799322462540
KEX,0.6256131503128810
KEY,0.3242930589869610
KEYS,0.6975915661777000
KEYW,0.712935087219521
KFRC,0.15779490200317800
KFY,0.9708960818470330
KHC,0.3697204167286140
KIDS,0.5618168356361050
KIM,0.06465391356418010
KIN,0.5717325150084120
KINS,0.5052553275706070
KIRK,0.7607576530728430
KLAC,0.9561303686377270
KLXE,0.09718627511645300
KMB,0.5759864725915070
KMI,0.7139091298698780
KMPR,0.21491224336201800
KMT,0.08259755706405170
KMX,0.043512561178406
KN,0.33670061906091000
KNL,0.3969985740552990
KNSA,0.1933881996902060
KNSL,0.5012127828198840
KNX,0.47636130049878200
KO,0.33322524278951800
KODK,0.26863489279100800
KOP,0.9272126468201490
KOPN,0.1084920237151420
KOS,0.4552872172924750
KPTI,0.7565457574757350
KR,0.30635985407884300
KRA,0.4723477692850410
KRC,0.5495521856400480
KREF,0.4376975930180130
KRG,0.7617915468843460
KRNY,0.8943398730590640
KRO,0.9859316796391220
KSS,0.7457398391072180
KSU,0.5665605472416390
KTOS,0.6117944641388500
KURA,0.05212378599111190
KVHI,0.4932073147497880
KW,0.8827387365675770
KWR,0.6940456665189430
KZR,0.8839157246222300
L,0.14785518530166500
LABL,0.14704915442242700
LAD,0.7436030086839530
LADR,0.8226229254954860
LAMR,0.3967020309543860
LANC,0.49173305117733900
LAND,0.6331310241613400
LASR,0.4798946213535820
LAUR,0.1747959055371790
LAWS,0.06584486982189800
LAZ,0.7801267319745600
LB,0.5208026561331730
LBAI,0.06923880011871050
LBC,0.8188257389875480
LBRDA,0.35123062800550700
LBRDK,0.8026054223744170
LBRT,0.9745888674439770
LC,0.21975196530306800
LCI,0.4107185054901540
LCII,0.3224703085298030
LCNB,0.9545914700655320
LCUT,0.44746260715891700
LDL,0.10769518648437300
LDOS,0.3194833709586710
LE,0.42322019888386900
LEA,0.8698467602087710
LEAF,0.8381467448477650
LECO,0.43882769423559700
LEG,0.9760750244106690
LEN,0.9464738610396610
LEN.B,0.6176100134407830
LEVL,0.05010557023970790
LEXEA,0.2970820364349750
LFUS,0.4722704261352130
LGF.A,0.10285939623228200
LGF.B,0.030449206146213500
LGIH,0.5661680170629060
LGND,0.47795765784257800
LH,0.5641192019741880
LHCG,0.2885911992940470
LII,0.6056001703346460
LILA,0.09406270937012010
LILAK,0.8536113978613830
LIN,0.42206107736990500
LIND,0.8276406638422390
LION,0.41824269664097400
LITE,0.5102274822427990
LIVN,0.9495765100075320
LIVX,0.3998703031329530
LJPC,0.5421669964210850
LKFN,0.7194612889901580
LKQ,0.0008735145127989820
LKSD,0.5358799775304800
LL,0.6733484023625710
LLEX,0.31028714733510400
LLL,0.8721456597159510
LLNW,0.2735344925593740
LLY,0.09570894848736860
LM,0.14999908613596800
LMAT,0.9467689266466660
LMNR,0.17973373491624000
LMNX,0.9094357594837800
LMT,0.39463849641992500
LNC,0.10772983600380900
LNDC,0.9815786516113790
LNG,0.09901424798276060
LNN,0.42405613413321500
LNT,0.7669704573099400
LNTH,0.11797585141931200
LOB,0.13473360244677100
LOCO,0.5763540067463640
LOGM,0.6782169495809110
LOPE,0.49969738269915300
LORL,0.6505884179762600
LOVE,0.9314329960214170
LOW,0.46448970755585800
LOXO,0.1686849189441380
LPG,0.08236951577726020
LPI,0.8226891899714180
LPLA,0.18343475554079400
LPSN,0.23319380977790200
LPT,0.24276907616365800
LPX,0.137389550974566
LQDA,0.898230146156665
LQDT,0.36946774465029700
LRCX,0.018309616307440000
LRN,0.9796094691215010
LSCC,0.9333980387645770
LSI,0.25408843757729800
LSTR,0.46706697666463200
LSXMA,0.04861823262122940
LSXMK,0.568997976641973
LTC,0.6701966264341590
LTHM,0.5300073685482300
LTRPA,0.7706410622913990
LTS,0.36801852767207500
LTXB,0.748326442743118
LULU,0.7765239712504410
LUV,0.16541275494857000
LVS,0.2736932789993610
LW,0.6183810101897640
LXP,0.6859117387914650
LXRX,0.5957251585519380
LXU,0.36718564586558800
LYB,0.11042409667332400
LYV,0.22421883884097700
LZB,0.3591913355790880
M,0.04178206892418400
MA,0.42114769645783400
MAA,0.34330664518601600
MAC,0.20155961590663
MAN,0.043352247743472700
MANH,0.18973255307564500
MANT,0.40191578688562100
MAR,0.2944211115963680
MARK,0.4140321532689910
MAS,0.6058615542263580
MASI,0.8791677393805330
MAT,0.8202768553459420
MATW,0.09020863522638000
MATX,0.9347487950572720
MAXR,0.4396564966879930
MB,0.7996817617719510
MBCN,0.894891926085606
MBFI,0.5807488170038000
MBI,0.4350984146816640
MBII,0.10793901264698200
MBIN,0.31578732440632300
MBIO,0.1485711413444160
MBTF,0.016767127101045800
MBUU,0.3881868619743600
MBWM,0.11159542309105200
MC,0.8213855350247100
MCB,0.3610222994211580
MCBC,0.5595219687742460
MCD,0.31110973180502500
MCFT,0.42848745770788300
MCHP,0.7432821520092060
MCK,0.9208745807560180
MCO,0.5048214320555230
MCRB,0.2920218189652810
MCRI,0.05322081973999330
MCRN,0.07328570544116970
MCS,0.7011237687951680
MCY,0.7868419971095780
MD,0.3525459884814650
MDC,0.8601336714887360
MDCA,0.9865820312939170
MDCO,0.5021322902155610
MDGL,0.39847325068610200
MDLZ,0.07465683229709680
MDP,0.5218417408388910
MDR,0.5542842350200230
MDRX,0.44467703373935800
MDSO,0.21020141449299400
MDT,0.3272723593154350
MDU,0.3779665597156610
MED,0.9011167815379040
MEDP,0.7327447834487950
MEET,0.9150458373146380
MEI,0.2543853474153220
MESA,0.251724843217311
MET,0.6469202747935510
METC,0.5477197622045510
MFA,0.5225800115471920
MFSF,0.04779267340587400
MG,0.5312808435612810
MGEE,0.020955387194300300
MGEN,0.379365744870988
MGI,0.40865176797239100
MGLN,0.6358445531302030
MGM,0.4200432335630580
MGNX,0.1480727760823730
MGPI,0.5986057929647030
MGRC,0.024349960597482000
MGTA,0.24180493291466800
MGTX,0.8025819206151340
MHK,0.030150126630176100
MHLD,0.51145398672687
MHO,0.1535701214872190
MIC,0.21352836560969000
MIDD,0.405529074372741
MIK,0.1731559200089440
MINI,0.1260597174702010
MITK,0.656192363042029
MITT,0.036880280854315300
MJCO,0.5144812101264090
MKC,0.3035540228499100
MKL,0.39494545088529400
MKSI,0.48440168583030900
MKTX,0.280450685012097
MLAB,0.7832973101161140
MLHR,0.7231555909206150
MLI,0.3697989840765000
MLM,0.44093587043578500
MLNT,0.09732639475657740
MLP,0.1915789075952750
MLR,0.20992767921991500
MLVF,0.42310050020590500
MMC,0.7630412985643100
MMI,0.8094399681716590
MMM,0.13067197211397100
MMS,0.2396461299086430
MMSI,0.976532260353916
MNK,0.8772979194969960
MNKD,0.053634451952063900
MNLO,0.3035374826781530
MNOV,0.28940278799986600
MNR,0.27554058485966400
MNRO,0.7542890629870860
MNST,0.36184430091536800
MNTA,0.2757232738244450
MNTX,0.1445082365508720
MO,0.8187506952539420
MOBL,0.5845818819614130
MOD,0.3045180288380980
MODN,0.6105687018532080
MOFG,0.061255939893419200
MOG.A,0.46401019440107800
MOH,0.19618801652553400
MORN,0.056110450975398200
MOS,0.3593813544566750
MOV,0.10490776314493100
MPAA,0.2523021479585590
MPB,0.6188376585303470
MPC,0.4033767900867320
MPO,0.658190582942284
MPW,0.8247039060908140
MPWR,0.741056853437219
MPX,0.006347550708420030
MRC,0.8500010597814940
MRCY,0.2061295077416200
MRK,0.6785838618320700
MRLN,0.8833713764664130
MRNS,0.007210507156815190
MRO,0.8431486815699920
MRSN,0.675052921548966
MRT,0.8702938941470660
MRTN,0.2001190786348180
MRTX,0.14972794362019900
MRVL,0.3763332456580320
MS,0.16328550232819300
MSA,0.46364948610033800
MSBI,0.19934004968931800
MSCI,0.1268231708979530
MSEX,0.5586036728858300
MSFT,0.2156370013766330
MSG,0.34067852950553200
MSGN,0.40400184008569400
MSI,0.2216721766521360
MSL,0.43136970561770200
MSM,0.08948377450092680
MSTR,0.4998165815432510
MTB,0.1051413743704230
MTCH,0.6621905564628090
MTD,0.9080884764579440
MTDR,0.21909258501376600
MTEM,0.27130232326449700
MTG,0.04177301428677630
MTH,0.21758658790596600
MTN,0.31657828715144400
MTOR,0.4958147532080920
MTRN,0.0025040561655130000
MTRX,0.48085242920307900
MTSC,0.3728284281399030
MTSI,0.05030049323446520
MTW,0.24337469679786500
MTX,0.11337252850650500
MTZ,0.26760602475815000
MU,0.0943363857813675
MUR,0.31030911818432300
MUSA,0.3920583360460310
MVBF,0.04435880438707940
MWA,0.4658743964382440
MXIM,0.005051332120491070
MXL,0.21977304952185900
MXWL,0.4857414555671450
MYE,0.08592472986036030
MYGN,0.15530242567112900
MYL,0.573678662594225
MYOK,0.9222535590218870
MYRG,0.16481202868026000
NANO,0.4253291033050750
NAT,0.6348791811330710
NATH,0.29470038327731800
NATI,0.603462267196475
NATR,0.5678888927819570
NAV,0.30481380997408700
NAVG,0.8122491580755220
NAVI,0.6271042837980030
NBHC,0.8624923233571720
NBIX,0.24413264441129900
NBL,0.8837143365359420
NBN,0.5477972260313940
NBR,0.032400969111795900
NBTB,0.6066849422185050
NC,0.8401199758231670
NCBS,0.8763807227840880
NCI,0.5372887217884830
NCLH,0.7855536957611190
NCMI,0.24409205920525500
NCOM,0.75342033353572
NCR,0.38640155524415600
NCS,0.41173962388823500
NCSM,0.11723533011864400
NDAQ,0.3740671918749860
NDLS,0.8973473634731670
NDSN,0.3658466664194070
NE,0.020828724309669300
NEE,0.7982251784790580
NEM,0.5143070884668360
NEO,0.420517515737822
NEOG,0.5935118606933050
NEOS,0.26448237574337000
NERV,0.8354772445435260
NES,0.26055856364719600
NEU,0.5963619655123780
NEWM,0.3838043497118740
NEWR,0.28126475810254500
NEXT,0.10110464232959500
NFBK,0.27180748638736700
NFG,0.2716927816241600
NFLX,0.46515299496970300
NFX,0.7298809070578240
NGHC,0.4601807497589870
NGS,0.035757216580867200
NGVC,0.2653043680295820
NGVT,0.6466166698858390
NH,0.6144103676151170
NHC,0.6871886574843990
NHI,0.1900644619337330
NHTC,0.23761977582682700
NI,0.3928966536071980
NIHD,0.5437699815639240
NINE,0.9176306231879360
NJR,0.7480552469597950
NK,0.6052409979297910
NKE,0.20229917190375300
NKSH,0.7476674468704610
NKTR,0.3196662912334780
NL,0.6524108151006540
NLNK,0.5449887307872110
NLS,0.27555318301465000
NLSN,0.011570840122684400
NLY,0.3413942311399
NMIH,0.9355659256453560
NMRK,0.3451086283086500
NNBR,0.8487957445918470
NNI,0.13632866513825200
NNN,0.6636771804381460
NOC,0.07328269660089620
NODK,0.8351512961081860
NOG,0.41433083869013600
NOV,0.4469056835451970
NOVT,0.20592308104256300
NOW,0.9159095321650760
NP,0.6744481179252420
NPK,0.7154319786247760
NPO,0.5157889560187510
NPTN,0.9525495213737520
NR,0.5563228845026740
NRC,0.48386018253699200
NRE,0.8106680558202850
NRG,0.2735491147651010
NRIM,0.3662812990703880
NRZ,0.63878795146765
NSA,0.3841222466731800
NSC,0.022137936824149500
NSIT,0.5802600989627010
NSP,0.9702584831425690
NSSC,0.6243654832895150
NSTG,0.5843721704851740
NTAP,0.03774275443745420
NTB,0.18922396096119300
NTCT,0.9969108976764530
NTGN,0.7948827170180530
NTGR,0.7412909572749070
NTLA,0.7685543639374030
NTNX,0.03248882395843140
NTRA,0.44163792715806300
NTRI,0.7808927796769190
NTRS,0.4406472008568130
NUAN,0.986250233498143
NUE,0.5216608108149980
NUS,0.5878285848783400
NUVA,0.6592608580562930
NVAX,0.21058946903206800
NVCR,0.1424827571633600
NVDA,0.5376855027962140
NVEC,0.20124367134480300
NVEE,0.08680203248401970
NVR,0.4047466398890730
NVRO,0.28149263004169
NVT,0.6433203892179370
NVTA,0.04781027469919090
NVTR,0.12646193826466600
NWBI,0.601423398664106
NWE,0.44594602476423600
NWFL,0.7400317165978350
NWHM,0.5057973758396030
NWL,0.3158030718893800
NWLI,0.09031698416252110
NWN,0.26315750581446900
NWPX,0.4640435210794310
NWS,0.038181945220663600
NWSA,0.04546963244308540
NX,0.8022405697451610
NXEO,0.5487311011990010
NXGN,0.8004199703732050
NXPI,0.5377077138607980
NXRT,0.09883632778703650
NXST,0.7343707604636740
NXTM,0.6867372552202420
NYCB,0.5331822339330890
NYMT,0.5979174350514740
NYMX,0.009969100226884760
NYNY,0.32872741221622100
NYT,0.7309553790103980
O,0.49051965280077000
OAS,0.13101705581976000
OBNK,0.018537518069088300
OC,0.40617862827441100
OCFC,0.5799119349502010
OCN,0.31874298276113900
OCUL,0.08242933100959450
ODC,0.4361749403327350
ODFL,0.030017446013233200
ODP,0.1779912990592240
ODT,0.3713272154584060
OFC,0.9205904190010160
OFED,0.8728723134945850
OFG,0.004436214984593210
OFIX,0.2004980628599040
OFLX,0.19252668685890100
OGE,0.5221513004455740
OGS,0.5270270460993290
OHI,0.5964020588537600
OI,0.43832475883971700
OII,0.8400063985355980
OIS,0.5766443092097050
OKE,0.21602344676559000
OKTA,0.1357949094423060
OLBK,0.14996536521518700
OLED,0.08051414410177640
OLLI,0.9232568030888840
OLN,0.93751686736384
OLP,0.792576777575684
OMC,0.6575790962393170
OMCL,0.18377052043425900
OMER,0.25614536386532200
OMF,0.0873515337836919
OMI,0.7835756655684000
OMN,0.580104391428976
ON,0.5435847509776910
ONB,0.47890115101617700
ONCE,0.26170274856730100
ONDK,0.9703090465300670
ONVO,0.5359199812266280
OOMA,0.44220785604834900
OPB,0.11774092625525600
OPBK,0.15404730479991100
OPK,0.37403367420767900
OPTN,0.42597688737920100
OPY,0.3899890505129090
ORA,0.03247470218310850
ORBC,0.5150509008263240
ORC,0.2881106843838420
ORCL,0.4500287040080760
ORI,0.585582998604005
ORIT,0.662158234447354
ORLY,0.12060853318461500
ORN,0.34316838763786500
ORRF,0.3784614168044780
OSBC,0.296434493744607
OSG,0.936146684596166
OSIS,0.44772017028912900
OSK,0.22502642925073700
OSPN,0.2370275701339460
OSTK,0.6827378567952180
OSUR,0.45501397486300700
OTTR,0.5450524722714970
OUT,0.8454726059096930
OVBC,0.2727551598000790
OVID,0.8597264214295710
OVLY,0.7341981349321800
OXFD,0.6120654259717160
OXM,0.33358795730333900
OXY,0.02961151971252920
OZK,0.35187859051966800
P,0.21458164409317000
PACB,0.12822952439371100
PACW,0.5153029122849090
PAG,0.007325714879983910
PAH,0.12902912217516900
PAHC,0.4689206661048950
PANW,0.4218387245668890
PAR,0.26739575078636700
PARR,0.0063127251581845800
PATK,0.15579265885887700
PAYC,0.5544600867655460
PAYX,0.18843872151677700
PB,0.2290211515827860
PBCT,0.19406829248595100
PBF,0.15641987167589000
PBH,0.5139112915274500
PBI,0.6654167514449960
PBIP,0.8825348120726280
PBPB,0.055918337881499400
PBYI,0.5709375968095080
PCAR,0.08326701991531680
PCB,0.43684990588446500
PCG,0.2485480699558130
PCH,0.2789795987831020
PCRX,0.32903549167964600
PCSB,0.8969756832692900
PCTY,0.779045841306305
PCYG,0.4572074161445960
PCYO,0.6357327270257060
PDCE,0.47352307101029800
PDCO,0.38632881143348700
PDFS,0.4818787859109250
PDLB,0.6790610790783700
PDLI,0.07034337063021470
PDM,0.6606760935403700
PDVW,0.4413330194580110
PE,0.2713988937628950
PEB,0.8913251677884560
PEBK,0.2580758929989490
PEBO,0.0775553820069955
PEG,0.01709390411855090
PEGA,0.15408587191232200
PEGI,0.5021289954508080
PEI,0.4235626117082860
PEN,0.2529764726236790
PENN,0.6232303579697250
PEP,0.2583107377024490
PES,0.3557314790917160
PETQ,0.9953913831725310
PETS,0.07634767332220800
PETX,0.8770739792445260
PFBC,0.946340561619642
PFBI,0.8038297035253140
PFE,0.3754542343275770
PFG,0.0848687806732118
PFGC,0.5495385566669130
PFIE,0.7546089554051600
PFIS,0.7037319784442750
PFNX,0.28928638405226000
PFPT,0.4056113915776830
PFS,0.14064767405964600
PFSI,0.3787961741662510
PFSW,0.2574627937019570
PG,0.5164114652352850
PGC,0.4199814199274610
PGNX,0.2236042290138220
PGR,0.9859902073032770
PGRE,0.10050289529247700
PGTI,0.7875152918855560
PH,0.6394489659346550
PHIIK,0.16171604530554700
PHM,0.7025699662839950
PHX,0.5545502123455240
PI,0.14249429316656600
PICO,0.9479030886971850
PII,0.2858996399661060
PINC,0.9396396976324770
PIR,0.8354864000250570
PIRS,0.7509614759816910
PJC,0.5915034974290160
PJT,0.37619535964300900
PK,0.04280875743792620
PKBK,0.14988518410221600
PKE,0.24598095097446700
PKG,0.3584193593743030
PKI,0.24535547743460000
PKOH,0.1019386654412420
PLAB,0.18278827641844800
PLAN,0.8173822213303610
PLAY,0.24892030373254900
PLCE,0.9635432338275470
PLD,0.7016968845700070
PLNT,0.7014532447523380
PLOW,0.6287232002175490
PLPC,0.33753508171031800
PLSE,0.8103807498371130
PLT,0.4860956950251840
PLUG,0.04920152177089760
PLUS,0.9583700766960800
PLXS,0.714486952109017
PM,0.2391325122226710
PMBC,0.14193710639539500
PMT,0.9781917932987380
PNC,0.2286481320350730
PNFP,0.45810083866046800
PNM,0.44979712168280000
PNR,0.3756396019083430
PNW,0.34148281928642700
PODD,0.983783742668512
POL,0.8860464995306880
POOL,0.13040578852420400
POR,0.2714441993610840
POST,0.8429670410155660
POWI,0.000080597677790884
POWL,0.5588528984438880
PPBI,0.5447257375405800
PPC,0.6453719346561790
PPG,0.3980650008386060
PPL,0.46226189876170800
PQG,0.989626190849694
PRA,0.8627506870313520
PRAA,0.5039246867141230
PRAH,0.6879076922547540
PRFT,0.9589412823147070
PRGO,0.1550841619836830
PRGS,0.5262007631803050
PRGX,0.3346426951742790
PRI,0.35281276660089700
PRIM,0.05748739106682470
PRK,0.5405298588387870
PRLB,0.04948523220272380
PRMW,0.07872854710758030
PRNB,0.8164639462298440
PRO,0.9962245308381040
PRPL,0.0437984744111029
PRSC,0.8392730719665070
PRSP,0.8715809115764240
PRTA,0.6090516663373650
PRTK,0.02494825201596440
PRTY,0.6701528903121590
PRU,0.13935536489726700
PS,0.12499736316556800
PSA,0.5692663982346350
PSB,0.319896012044155
PSDO,0.18616393795613500
PSMT,0.996631388038825
PSTG,0.7813304551268810
PSX,0.5207338607445790
PTC,0.4722080479632430
PTCT,0.4604420607918760
PTE,0.47185979892877300
PTEN,0.05585842781201510
PTI,0.8664842039210580
PTLA,0.12015244861414200
PTN,0.8411908093553180
PTSI,0.4581189345351130
PTVCB,0.0178057051065599
PUB,0.4271020207568710
PUMP,0.7906548466621680
PVAC,0.987787104362658
PVBC,0.7185854818243640
PVH,0.9368731761718180
PWOD,0.5388196267377370
PWR,0.5306072528098150
PXD,0.8493429767932650
PYPL,0.24239506129116000
PYX,0.07880503496257570
PZN,0.17685308578154100
PZZA,0.4399499475538500
QADA,0.5481113375891030
QCOM,0.2680652773183500
QCRH,0.22891281135822600
QDEL,0.6128589331336940
QEP,0.5402930464044120
QES,0.039912428996703900
QGEN,0.14743280207455100
QHC,0.2470824697591120
QLYS,0.18129313671880500
QNST,0.43836482783470000
QRTEA,0.7265318842472130
QRVO,0.9861142486823740
QTNA,0.2121848422430710
QTRX,0.3480326328814500
QTS,0.4478871298186690
QTWO,0.7783720898545610
QUAD,0.3678464174713620
QUOT,0.39532351861473400
R,0.22337970028026500
RAD,0.3699178836028760
RAIL,0.09598279076601300
RAMP,0.7305257269979110
RARE,0.19082100365196800
RARX,0.620549462515594
RAVN,0.6259143728148710
RBB,0.006400501149940010
RBBN,0.9876786615498230
RBC,0.035050273895060400
RBCAA,0.2604614716515130
RBNC,0.877090383616305
RC,0.24731844584896800
RCII,0.8856328240604130
RCKT,0.9936912131494140
RCKY,0.7947054753443620
RCL,0.17673642949728500
RCM,0.8594476374430230
RCUS,0.4402230367256510
RDC,0.3098213425631390
RDFN,0.288644763483066
RDI,0.8245098630907810
RDN,0.5034138979385740
RDNT,0.01739886065373160
RDUS,0.27298697984521700
RE,0.532537107659259
RECN,0.35189038015260400
REG,0.22070636785282900
REGI,0.5986176732700780
REGN,0.1379872452517740
REI,0.24190076404463000
REN,0.059994238273483100
REPH,0.7090268612563750
REPL,0.956242080227451
RES,0.313504722769158
RESI,0.6757551190333160
RETA,0.21680642610223800
REV,0.3625853020302440
REVG,0.7795024648070280
REX,0.4326111126471770
REXR,0.86213383980452
REZI,0.2515817730494460
RF,0.37227049713473300
RGA,0.15873669990995900
RGCO,0.5089410200311400
RGEN,0.29129187773077500
RGLD,0.5880385588732080
RGNX,0.42596374621925300
RGR,0.2986503707683420
RGS,0.4300897875130020
RH,0.007192148234419930
RHI,0.1356648006995820
RHP,0.5609794788708670
RHT,0.8942913373320840
RICK,0.6917119674077480
RIG,0.7783693658139710
RIGL,0.9966052646080920
RILY,0.05952083258823000
RJF,0.1856311677031310
RL,0.5601460695375390
RLGT,0.5183040494676500
RLGY,0.19385598437074600
RLH,0.26258696419066400
RLI,0.26991762600219600
RLJ,0.4765124688582420
RM,0.38587191995465100
RMAX,0.9090314754755430
RMBS,0.6225235248178030
RMD,0.42677517324994900
RMNI,0.5554936380477770
RMR,0.7937414638614190
RMTI,0.47186591226429700
RNET,0.09682670525071230
RNG,0.10746842321092700
RNR,0.2976154036647780
RNST,0.0982709066902267
ROCK,0.5213777562010100
ROG,0.03650938472115800
ROIC,0.4041098194633660
ROK,0.8349820089817590
ROKU,0.41166745823616800
ROL,0.7851207422160780
ROLL,0.6181399902908290
ROP,0.3522975288848700
ROSE,0.5813158954942140
ROST,0.651461087369399
ROX,0.13722211202252700
RP,0.0569585236623958
RPAI,0.43999079185862700
RPD,0.32486667674064800
RPM,0.4645219144436800
RPT,0.16103044503303600
RRC,0.2867668065205210
RRD,0.3519609028896200
RRGB,0.4181055396857210
RRR,0.3549455455931750
RS,0.7178414426567100
RSG,0.12496514184864000
RST,0.5301160345968560
RTEC,0.38137806204439200
RTIX,0.3654517389864060
RTN,0.24602773077502800
RTRX,0.3219257179069860
RTW,0.9159038578702770
RUBY,0.5254187059628330
RUN,0.12305540544227800
RUSHA,0.777171242728726
RUSHB,0.17192746143491200
RUTH,0.004242126162565340
RVI,0.07980984568502940
RVNC,0.8348966654211230
RVSB,0.9989039988382400
RWT,0.5262995039309110
RXN,0.9019373774172180
RYAM,0.7359168693368780
RYI,0.2127159110199750
RYN,0.42962225920121500
RYTM,0.2305025413545740
S,0.3353038414558410
SABR,0.17802869861695800
SAFE,0.7828524621328080
SAFM,0.8439928176027480
SAFT,0.8786657275228440
SAGE,0.14485881392748900
SAH,0.41129101813791000
SAIA,0.05458452299696870
SAIC,0.6693687228249860
SAIL,0.6519913832694880
SALT,0.40367124780094600
SAM,0.619079909379027
SAMG,0.5864578934023960
SANM,0.8324627051135510
SASR,0.9106007432561160
SATS,0.7712128844828470
SAVE,0.2104773687053000
SB,0.5613754442660970
SBAC,0.45132631434038000
SBBX,0.35110500897457100
SBCF,0.9241695230657410
SBGI,0.9119708274799530
SBH,0.4233304413430000
SBNY,0.28918313270677700
SBOW,0.8604836976258040
SBPH,0.8702432295961780
SBRA,0.8733957188904430
SBSI,0.3502605408141880
SBT,0.7534093834985140
SBUX,0.3893157019320710
SC,0.9619519843148960
SCCO,0.30857384197109000
SCHL,0.5801476633430520
SCHN,0.6183763668975820
SCHW,0.47551917003474700
SCI,0.24063243291537200
SCL,0.2888816790017360
SCPH,0.921134724521884
SCS,0.5901748575062020
SCSC,0.4550436198942990
SCVL,0.5309003167458820
SCWX,0.2615776131436380
SD,0.7130400292009450
SEAS,0.8961421435640430
SEB,0.667874989337947
SEE,0.6557901314496540
SEIC,0.48672367344810400
SELB,0.20233961572589000
SEM,0.8342096036862400
SEMG,0.04719952010042520
SEND,0.5101052147258110
SENEA,0.2469003180503390
SENS,0.8281592021459220
SERV,0.8862246764160000
SF,0.8289690622395700
SFBS,0.28440998204153900
SFE,0.18080397834202900
SFL,0.3269208208949660
SFLY,0.9500083743596090
SFM,0.5717101321438300
SFNC,0.5955693999692180
SFS,0.2343339552760290
SFST,0.39541918190450800
SGA,0.4021331535304780
SGC,0.14469652902242400
SGEN,0.969660987962295
SGH,0.46103653608873600
SGMO,0.27117626172925200
SGMS,0.07978163948159500
SGRY,0.7959718337109500
SGYP,0.23869947239691400
SHAK,0.7498260282883570
SHBI,0.8433356004787990
SHEN,0.23967649685982000
SHLO,0.1483412010793640
SHO,0.5641309450892360
SHOO,0.6093996621234100
SHW,0.1467989544723760
SIBN,0.5599011107621540
SIEB,0.14461286959815700
SIEN,0.29794862569657500
SIFI,0.7738922271039980
SIG,0.4771128573243390
SIGA,0.4147971846620150
SIGI,0.3166075307313530
SIRI,0.4766328681812780
SITC,0.41767855359640800
SITE,0.6417044548450290
SIVB,0.37936267148895000
SIX,0.9909093476457730
SJI,0.09387817078866870
SJM,0.5500670625266400
SJW,0.11171550735407000
SKT,0.2857911395650520
SKX,0.2494952916932440
SKY,0.1704911189492910
SKYW,0.07940390404901810
SLAB,0.2716928731592760
SLB,0.11706024177205600
SLCA,0.6771420188221310
SLCT,0.9164823684259300
SLDB,0.3194792291324100
SLG,0.5348239188416370
SLGN,0.3910454320007920
SLM,0.011648304114997800
SLP,0.8331895154438160
SM,0.5277301145228370
SMBC,0.8869555002674240
SMBK,0.5291973007105810
SMG,0.39741794258120900
SMHI,0.19012219062735000
SMMF,0.3367940709249250
SMP,0.21139980472082100
SMPL,0.1453607497797590
SMTA,0.7338324997778570
SMTC,0.3622321739564100
SN,0.29195511221713700
SNA,0.5309547496602490
SNBR,0.5798028357621180
SND,0.3735990797019520
SNDR,0.491537706772868
SNDX,0.32623893800350400
SNH,0.38568453541700000
SNHY,0.38993435064360000
SNNA,0.19927997812477100
SNPS,0.23658022924673900
SNR,0.8555193733808600
SNV,0.5976934815635430
SNX,0.09034365959756090
SO,0.2400523896097660
SOI,0.25545731754928800
SON,0.7519299417016780
SONA,0.17436610677215000
SONO,0.3550439117156280
SP,0.578234209954397
SPA,0.14178923466369300
SPAR,0.7110377807851060
SPB,0.3132195407440950
SPG,0.01196010022420210
SPGI,0.01636386547237700
SPKE,0.5120512044214540
SPLK,0.44906672279696300
SPN,0.020979302628418200
SPNE,0.5110293266069390
SPOK,0.6620489303075320
SPPI,0.457575346602645
SPR,0.6482292635214360
SPRO,0.4168005921332180
SPSC,0.10561972315853900
SPTN,0.6232162699393300
SPWH,0.6754626636468520
SPWR,0.8290583348459460
SPXC,0.450416271222146
SQ,0.3787901947802460
SR,0.15758369415815000
SRC,0.2859082619883340
SRCE,0.1272609911399670
SRCI,0.2406026749621950
SRCL,0.9648524954848990
SRDX,0.18816397508248100
SRE,0.8006420722556060
SREV,0.04362147316905470
SRG,0.7190513072222760
SRI,0.9351565358055320
SRNE,0.5650679684106900
SRPT,0.3224579579980090
SRRK,0.9460355050508110
SSB,0.20791523277091300
SSD,0.7470638798041320
SSNC,0.09079699770724230
SSP,0.8632642613363400
SSTI,0.083400263314078
SSTK,0.4996538903309080
SSYS,0.4770983073478480
ST,0.23397729841407900
STAA,0.5276022286968080
STAG,0.6634936724340920
STAR,0.7694629645724850
STAY,0.13092832889140100
STBA,0.8897554180701900
STC,0.44281045731173200
STE,0.9051995478160100
STFC,0.20674888258411800
STI,0.198875627310601
STIM,0.41579482430055700
STL,0.6692106709675920
STLD,0.01190783604022680
STML,0.3512619124323780
STMP,0.10047139222714600
STNG,0.2907004010128200
STOR,0.5886674061267230
STRA,0.4604894711578810
STRL,0.07882754072683210
STRS,0.7004809627052130
STT,0.43377630502711700
STWD,0.5091779934504740
STXB,0.11406910717266000
STZ,0.16634391500999900
SUI,0.6548993296370290
SUM,0.833528437773959
SUP,0.3420338646094290
SUPN,0.7530536862735620
SURF,0.2564925685442750
SVMK,0.11913417881571500
SVRA,0.3486133093695160
SWCH,0.05989314000813530
SWI,0.08481232466277610
SWK,0.5448958813535800
SWKS,0.4768558222104960
SWM,0.042120973748035900
SWN,0.6560834612910000
SWX,0.7226145091892170
SXC,0.5477939201211480
SXI,0.03526160947231000
SXT,0.6272155668569170
SYBT,0.21991527222180900
SYBX,0.4934936588443450
SYF,0.3853585803954940
SYK,0.2485049653898800
SYKE,0.37810179842392900
SYMC,0.9627260079853430
SYNA,0.49353544128352200
SYNH,0.0600278632049516
SYNL,0.7650969588937490
SYRS,0.011772848193993900
SYX,0.041894900595316100
SYY,0.020769155419248600
T,0.22663499415229400
TACO,0.135081915431928
TAHO,0.171644766594053
TALO,0.20636632583448200
TAP,0.6019562969810450
TAST,0.10706727928728400
TBBK,0.4519991408131310
TBI,0.5587979109901480
TBIO,0.1322908536901740
TBK,0.40957714830525400
TBNK,0.5295229729031810
TBPH,0.3245156185008590
TCBI,0.41510259236954900
TCBK,0.8395898497839920
TCDA,0.3294236045600010
TCF,0.12491506803260600
TCFC,0.009662816656618450
TCI,0.01318572478859010
TCMD,0.4732565156919750
TCO,0.055346894279985300
TCS,0.4231238451898620
TCX,0.07346778779901840
TDC,0.1836066649168950
TDG,0.08558664781929920
TDOC,0.41538741286442800
TDS,0.14456267403328800
TDW,0.8709645025867120
TDY,0.6516479703645020
TEAM,0.11003042888443500
TECD,0.6423443317465860
TECH,0.2547903928627940
TELL,0.7312113770947250
TEN,0.3242701067732550
TENB,0.404389019072687
TER,0.6794285569159830
TERP,0.07775857535169760
TEX,0.1887700836601750
TFSL,0.37652280829586300
TFX,0.8676955181436680
TG,0.015489273454933700
TGH,0.9214577902142730
TGI,0.3267290667666580
TGNA,0.2580285516353920
TGT,0.015184246526378000
TGTX,0.8908598294296780
THC,0.14663342104597900
THFF,0.10795647833750400
THG,0.12575568179269600
THO,0.20235225416831600
THR,0.17793913348287900
THRM,0.617041638545454
THS,0.736380397367191
TIER,0.9972586071597980
TIF,0.11302778490337500
TILE,0.7174005493231690
TIPT,0.7056653566457770
TISI,0.8377466322434260
TITN,0.7627469629022960
TIVO,0.6364104147286110
TJX,0.12363864448118000
TK,0.5488317678427760
TKR,0.27589559765958700
TLGT,0.894047798501074
TLRA,0.09637759550281400
TLRD,0.7537224392179900
TLYS,0.01349935946828840
TMHC,0.7855683752517400
TMK,0.5040110917204920
TMO,0.24741496442855100
TMP,0.4330583300445930
TMST,0.772456197086203
TMUS,0.1631331938251830
TNAV,0.281141108276767
TNC,0.9723735452757000
TNDM,0.9959300396297990
TNET,0.32364945432689900
TNK,0.9579703126657280
TOCA,0.05507560800141480
TOL,0.9917785122610410
TORC,0.5192275275148510
TOWN,0.5620013424876830
TOWR,0.2844744085025390
TPB,0.7051577350678220
TPC,0.9738291587911170
TPCO,0.16393059195384100
TPH,0.8279645886046590
TPHS,0.14478436462338100
TPIC,0.9908340189705050
TPR,0.9281600340497400
TPRE,0.5130119550368220
TPX,0.010996947923919600
TR,0.5362263660953320
TRC,0.8578423349627060
TRCO,0.40288615485775100
TREC,0.3388925200323680
TREE,0.6788070924830570
TREX,0.27744127042026900
TRGP,0.32193081328070600
TRHC,0.1669309130566950
TRIP,0.3988515912808710
TRK,0.8148843103990520
TRMB,0.26621552004480000
TRMK,0.29579257899935000
TRN,0.2531198728118410
TRNO,0.8319283183344280
TROW,0.7230424989167250
TROX,0.70726336784003
TRS,0.7063111227326620
TRST,0.415591109920863
TRTN,0.3897340699130760
TRTX,0.6951455518472430
TRU,0.7155373452896770
TRUE,0.40127863929427700
TRUP,0.4943315897862790
TRV,0.12443901237422200
TRXC,0.19801812186803700
TSBK,0.6422335376936120
TSC,0.6657702098083610
TSCO,0.5639833378927670
TSE,0.4254204084738930
TSLA,0.4178379122904800
TSN,0.5450486595969870
TSRO,0.5176211333306400
TSS,0.0697732482185752
TTC,0.23583435559415600
TTD,0.26825663260616400
TTEC,0.6199841968424680
TTEK,0.3515073040720640
TTGT,0.6789093936595720
TTI,0.6613756424835400
TTMI,0.32709379858327300
TTOO,0.7205013409957670
TTPH,0.7505974680129840
TTS,0.23870424026049000
TTWO,0.574012070513483
TUP,0.3932282502326300
TUSK,0.025529753351251700
TVPT,0.3667934442183910
TVTY,0.5348544501124750
TWI,0.9918796794834840
TWIN,0.7733549294692940
TWLO,0.009268124518645600
TWNK,0.7111303121326400
TWO,0.3135725825498640
TWOU,0.2174486956233030
TWTR,0.05453065962601200
TXMD,0.14705233613785000
TXN,0.9843255852409440
TXRH,0.470865436884258
TXT,0.6147207369002090
TYL,0.5266555397005530
TYME,0.39471754693983600
TYPE,0.666516956517743
TZOO,0.557448864099635
UA,0.34932243745597500
UAA,0.1939541000525810
UAL,0.5285414789148330
UBA,0.11472282907463000
UBFO,0.668939950571838
UBNK,0.4855754435656300
UBNT,0.25725447628114300
UBSH,0.9056929635773930
UBSI,0.28869280442392700
UBX,0.6356729177076670
UCBI,0.9133630972039360
UCFC,0.08212454287727150
UCTT,0.1191986545440460
UDR,0.5508484454452390
UE,0.2225868180177730
UEC,0.032331286439025300
UEIC,0.08064951187183280
UFCS,0.17811731923730800
UFI,0.9364786511522980
UFPI,0.32550969927521900
UFPT,0.7061565819419720
UFS,0.6886510917252120
UGI,0.24928313429046300
UHAL,0.15374738581592500
UHS,0.2965869488150360
UHT,0.44391635291613500
UIHC,0.4159907883248890
UIS,0.8469367180660550
ULH,0.8539531516918430
ULTA,0.3354107039425330
ULTI,0.08219541137147510
UMBF,0.2275457690881490
UMH,0.4015165268085330
UMPQ,0.5137163017614700
UMRX,0.7411413825983180
UNB,0.08837494517284130
UNF,0.42116825809676500
UNFI,0.4660161062223480
UNH,0.23351822995672700
UNIT,0.9636382197416950
UNM,0.8161068790266340
UNP,0.19763676484574600
UNT,0.010027931086856700
UNTY,0.28968303211148200
UNVR,0.6226461687718000
UPL,0.479772001291695
UPLD,0.39175350118238700
UPS,0.2313240124089280
UPWK,0.14177941080575500
URBN,0.5543914969520550
URI,0.3397369776879470
USAK,0.06410130274889890
USAP,0.505045523769912
USAT,0.036263265871959100
USB,0.7040188702658310
USCR,0.655952958968494
USD,0.16706744204354800
USFD,0.7675975938384620
USG,0.49838102796239400
USLM,0.1509455294902650
USM,0.48613463053364100
USNA,0.5743721929127030
USPH,0.1879158356943590
USX,0.2926973533263640
UTHR,0.7127547220593820
UTL,0.8970430078138070
UTMD,0.1423801759014320
UTX,0.014022228437468000
UUUU,0.8799242699024350
UVE,0.8602751014606500
UVSP,0.9047262713979030
UVV,0.8141901115315280
V,0.7268655870770820
VAC,0.97653457241742
VALU,0.16052798991545500
VAR,0.16090259906405200
VBTX,0.5301834685690520
VC,0.010870865518669600
VCEL,0.03404729736361390
VCRA,0.60603422990322
VCYT,0.03693454672458780
VEC,0.09613136886108070
VECO,0.31986689490151500
VEEV,0.2827950245221870
VER,0.24694944430422100
VERI,0.8081584061460930
VFC,0.36209160095271100
VG,0.009390117616722380
VGR,0.4510351374080420
VHC,0.6872366383279800
VHI,0.35281908384558100
VIA,0.6524978387581230
VIAB,0.40035717342976000
VIAV,0.8059806235150900
VICI,0.5058320492545440
VICR,0.2533260690077490
VIRT,0.2974708269085790
VIVO,0.4739059907933880
VKTX,0.8181296573345830
VLGEA,0.7584490093362820
VLO,0.37854206295549100
VLY,0.4113166491922010
VMC,0.36628595250835000
VMI,0.3030316334641950
VMW,0.4978225610986170
VNDA,0.5487612512028740
VNO,0.06440228581301100
VOYA,0.4777075244709110
VPG,0.8730050228942310
VRA,0.43476124897362900
VRAY,0.8721503683610730
VRCA,0.2383158550422590
VREX,0.2795884583098500
VRNS,0.2183929707785040
VRNT,0.7368987427098440
VRS,0.11632298476401400
VRSK,0.9381035798143240
VRSN,0.6651107608976600
VRTS,0.7765879578232280
VRTU,0.8850948963914640
VRTV,0.02524622041390200
VRTX,0.9300728264628310
VSAT,0.3372577782027350
VSEC,0.5125783248491200
VSH,0.5389319437029580
VSLR,0.020112142266982500
VSM,0.21526188780280400
VST,0.3331692375656670
VSTM,0.8858875205012550
VSTO,0.6325239620180410
VTL,0.5283045442312010
VTR,0.5680842324833770
VUZI,0.5304935385555450
VVC,0.6310980835845100
VVI,0.2863650430142470
VVV,0.31951918976066700
VYGR,0.928612951656948
VZ,0.994157083413366
W,0.5544578146845360
WAAS,0.10273483022350200
WAB,0.291024491092601
WABC,0.4451976799370120
WAFD,0.385478709397209
WAGE,0.8598190632035520
WAIR,0.9222260754531040
WAL,0.5537932577379190
WASH,0.5086032265329310
WAT,0.08417656174665820
WATT,0.4054757233802320
WBA,0.14112926809362100
WBC,0.42699923542787000
WBS,0.18386345491223100
WBT,0.4630271804948680
WCC,0.8511504573357950
WCG,0.04520574694653190
WD,0.7361971930416880
WDAY,0.048805894358840200
WDC,0.762501196710722
WDFC,0.54691685069316
WDR,0.32722925921342100
WEC,0.5656286979491990
WELL,0.20825671739325900
WEN,0.6212741334898180
WERN,0.3161104827574360
WETF,0.35598746046052600
WEX,0.3015185864501390
WEYS,0.626984675042442
WFC,0.12198517087367700
WFT,0.634104927131176
WGO,0.08075380596225630
WH,0.493767728442423
WHD,0.21987661757163000
WHG,0.6627144991002940
WHR,0.884968467532808
WIFI,0.943957402270552
WIN,0.680820306937309
WINA,0.098070844776513
WING,0.08328891045787360
WIRE,0.4991195718333420
WK,0.5791713506478300
WLDN,0.7476707483238100
WLFC,0.15392635984078100
WLH,0.670273332096907
WLK,0.6450939126071160
WLL,0.6168300666807470
WLTW,0.538980444057288
WM,0.2357846754655270
WMB,0.04132663937257810
WMC,0.47929419465668700
WMGI,0.5940193765992210
WMK,0.7999512062176550
WMS,0.9446144291144220
WMT,0.8938492372807760
WNC,0.07417799173323910
WNEB,0.969912697512399
WOR,0.7732453631706550
WOW,0.30089192742019700
WP,0.21670626194020100
WPC,0.7148154623868950
WPG,0.09596684874739430
WPX,0.5875493082254190
WRB,0.8835731591786640
WRD,0.14185828662684500
WRE,0.49490814657805300
WRI,0.5641371451376540
WRK,0.9287533527225820
WRLD,0.3761637167116950
WSBC,0.892279992038988
WSBF,0.5208109619213240
WSC,0.7105038967990090
WSFS,0.746157376062819
WSM,0.11275685041509100
WSO,0.043401857282366100
WSR,0.8279612945316730
WST,0.5280027363414160
WTBA,0.18118084664342400
WTFC,0.03402092937037110
WTI,0.6319241219263530
WTM,0.805909718577547
WTR,0.8703858844153910
WTS,0.9932117775354490
WTTR,0.7985593155981670
WTW,0.7425941889625520
WU,0.9404752127797270
WVE,0.9095582055770620
WWD,0.6481116473864400
WWE,0.5568196191835130
WWW,0.9463341735081270
WY,0.1771668808059630
WYND,0.3810989459995460
WYNN,0.4880685312628270
X,0.5440136105460890
XAN,0.1404618589657950
XEC,0.9716254705004260
XEL,0.00460017851045254
XELA,0.7377117600713110
XENT,0.5091352436240580
XERS,0.5507014401825580
XHR,0.5886411589731100
XLNX,0.32753847539346300
XLRN,0.32700020580144300
XNCR,0.9580873166766870
XOG,0.015212925564224400
XOM,0.46433878549962700
XOMA,0.32386765716821900
XON,0.3076487002541650
XPER,0.5252773973287470
XPO,0.8040894047686950
XRAY,0.3240081293628530
XRX,0.44270766316107400
XXII,0.038114750206855800
XYL,0.16117662070459400
Y,0.07948144675198880
YELP,0.8070830142246050
YETI,0.6456706947059100
YEXT,0.5917380222073340
YMAB,0.002313646395008730
YORW,0.5259803158374450
YRCW,0.5633772127563260
YUM,0.1527775950153
YUMC,0.2604485944694530
Z,0.8738325142603720
ZAGG,0.4520050993716340
ZAYO,0.2022185604965610
ZBH,0.49044216142080800
ZBRA,0.9453832674331280
ZEN,0.35181470657163700
ZEUS,0.6479900218401380
ZFGN,0.975005623515673
ZG,0.790360653088991
ZGNX,0.7914483132851140
ZION,0.5102948073127710
ZIOP,0.879995335707251
ZIXI,0.9032069430842400
ZN,0.45209612383086700
ZNGA,0.47457271615368800
ZOM,0.03223441332542710
ZS,0.14170422523252500
ZTS,0.2250193747693670
ZUMZ,0.598794601651683